{"page":"security-jsr250-discarded","page_id":"4914153","share_type":"discussion","created":"2008-07-07T01:22:07-07:00","createdBy":"javierpaniza","title":"@DeclareRoles","description":"Yes, yes.<br \/>\nI know that <em>@DeclareRoles<\/em> are part of JSR-250 but declaring something global to an application (even a full organization) at class level does not like me. <br \/>\n<br \/>\nMaybe, We can simply ignore this feature at the moment.<br \/>\n<br \/>\nWhat do you think ?","replies":[{"user":"depourtales","created":"2008-07-07T13:16:32-07:00","body":"You are right for global context : The granularity of a class is not the right way to manage the application scope. It is just a convenient way to declare roles in the context of one entity. <br \/>\n<br \/>\nOK to ignore it."}]}