{"page":"netbeans_en","page_id":"185099174","rangeText":"Project 'OpenXava' import results:<br \/>\n\u2022 Cannot create J2SE platform for 'C:\\Program Files\\Java\\jre7'. Default platform will be used instead.<br \/>\nProject 'AccessTracking' import results:<br \/>\n\u2022 Cannot create J2SE platform for 'C:\\Program Files\\Java\\jre7'. Default platform will be used instead.<br \/>\nProject 'OpenXavaTest' import results:<br \/>\n\u2022 Cannot create J2SE platform for 'C:\\Program Files\\Java\\jre7'. Default platform will be used instead.<br \/>\n\u2022 Required project 'D:\\DevAux\\openxava-4.9NB\\workspace\\AccessTracking@ab9aff82:56d6d6c6' does not provide any JAR artifacts.","share_type":"comment","created":"2014-01-30T08:58:59-08:00","createdBy":"glpunzi","title":"Comment: ","description":"","replies":[]}