{"page":"model_en","page_id":"3085847","share_type":"discussion","created":"2010-11-09T23:13:27-08:00","createdBy":"sunil.khandelwal91","title":"how to define enum values for a particular string variable.","description":"I have three string obeject.<br \/>\n<br \/>\nWhen i m defining enum values for one string type object in this way <br \/>\n<br \/>\npublic enum String {first , second }<br \/>\n<br \/>\nthen it is showing values for all string type variable.<br \/>\nso pls tell me how can i provide enum values for a particular string type object.<br \/>\n<br \/>\npls provide me solution ASAP<br \/>\n<br \/>\nthanks in advance","replies":[]}